sku,brand_effective,category_id,search_name_en,search_description_en
1003,Motul,c1,Motul 104098 motorcycle engine oil 1L,Motul 104098 10W50 1L 4-stroke motorcycle engine oil.
1007,Motul,c1,Motul 103057 motorcycle engine oil 1L,Motul 103057 5W40 1L 4-stroke motorcycle engine oil.
1012,Motul,c1,Motul 102782 motorcycle engine oil 1L,Motul 102782 20W50 1L 4-stroke motorcycle engine oil.
1015,Suzuki,c1,Suzuki 99000-R9000-4L motorcycle engine oil 4L,Suzuki 99000-R9000-4L  4L 4-stroke motorcycle engine oil.
1018,Castrol,c1,Castrol Power1-10W40-1L motorcycle engine oil 1L,Castrol Power1-10W40-1L 10W40 1L 4-stroke motorcycle engine oil.
1020,Putoline,c1,Putoline N-TECH-10W50 motorcycle engine oil 1L,Putoline N-TECH-10W50 10W50 1L 4-stroke motorcycle engine oil.
1022,Yamaha,c1,Yamaha YAMA-10W40 motorcycle engine oil 1L,Yamaha YAMA-10W40 10W40 1L 4-stroke motorcycle engine oil.
1024,Amsoil,c1,Amsoil MCV-1Q motorcycle engine oil,Amsoil MCV-1Q   4-stroke motorcycle engine oil.
1025,Liqui Moly,c1,Liqui Moly LM-10W40-Street motorcycle engine oil 1L,Liqui Moly LM-10W40-Street 10W40 1L 4-stroke motorcycle engine oil.
1026,Liqui Moly,c1,Liqui Moly LM-10W50-Race motorcycle engine oil 1L,Liqui Moly LM-10W50-Race 10W50 1L 4-stroke motorcycle engine oil.
1030,Hiflofiltro,c2,Hiflofiltro HF303RC motorcycle oil filter,Hiflofiltro HF303RC oil filter for Nut.
1032,Hiflofiltro,c2,Hiflofiltro HF138RC motorcycle oil filter,Hiflofiltro HF138RC oil filter for Nut.
1033,Hiflofiltro,c2,Hiflofiltro HF112 motorcycle oil filter,Hiflofiltro HF112 oil filter for Paper.
1036,Hiflofiltro,c2,Hiflofiltro HF401 motorcycle oil filter,Hiflofiltro HF401 oil filter for Metal.
1037,Hiflofiltro,c2,Hiflofiltro HF141 motorcycle oil filter,Hiflofiltro HF141 oil filter for Paper.
1038,Hiflofiltro,c2,Hiflofiltro HF971 motorcycle oil filter,Hiflofiltro HF971 oil filter for Scooter.
1039,Hiflofiltro,c2,Hiflofiltro HF152 motorcycle oil filter,Hiflofiltro HF152 oil filter for Bombardier.
1047,Kawasaki,c2,Kawasaki 16097-0008 motorcycle oil filter,Kawasaki 16097-0008 oil filter for OEM.
1050,K&N,c2,K&N SU-7511 motorcycle air filter,K&N SU-7511 air filter for GSXR.
1055,Hiflofiltro,c2,Hiflofiltro HFA3614 motorcycle air filter,Hiflofiltro HFA3614 air filter for GSXR.
1062,NGK,c3,NGK CPR8EA-9 spark plug,NGK CPR8EA-9 motorcycle spark plug.
1072,Cobra,c4,Cobra YTX4L-BS motorcycle battery,Cobra YTX4L-BS sealed motorcycle battery.
1073,Cobra,c4,Cobra YTX5L-BS motorcycle battery,Cobra YTX5L-BS sealed motorcycle battery.
1074,Cobra,c4,Cobra YTX7L-BS motorcycle battery,Cobra YTX7L-BS sealed motorcycle battery.
1076,Cobra,c4,Cobra YTX9-BS motorcycle battery,Cobra YTX9-BS sealed motorcycle battery.
1079,Cobra,c4,Cobra YTX14-BS motorcycle battery,Cobra YTX14-BS sealed motorcycle battery.
1081,Cobra,c4,Cobra YTX20L-BS motorcycle battery,Cobra YTX20L-BS sealed motorcycle battery.
1082,BS Battery,c4,BS Battery BTX9-BS motorcycle battery,BS Battery BTX9-BS sealed motorcycle battery.
1084,Bridgestone,c5,Bridgestone S22-120/70-17 120/70-17 front motorcycle tire,Bridgestone S22-120/70-17 120/70-17 motorcycle tire front.
1085,Bridgestone,c5,Bridgestone S22-180/55-17 180/55-17 rear motorcycle tire,Bridgestone S22-180/55-17 180/55-17 motorcycle tire rear.
1086,Bridgestone,c5,Bridgestone S22-190/50-17 190/50-17 rear motorcycle tire,Bridgestone S22-190/50-17 190/50-17 motorcycle tire rear.
1087,Bridgestone,c5,Bridgestone S22-190/55-17 190/55-17 rear motorcycle tire,Bridgestone S22-190/55-17 190/55-17 motorcycle tire rear.
1088,Bridgestone,c5,Bridgestone S22-200/55-17 200/55-17 rear motorcycle tire,Bridgestone S22-200/55-17 200/55-17 motorcycle tire rear.
1089,Michelin,c5,Michelin Pilot-120/70-17 120/70-17 front motorcycle tire,Michelin Pilot-120/70-17 120/70-17 motorcycle tire front.
1090,Michelin,c5,Michelin Pilot-180/55-17 180/55-17 rear motorcycle tire,Michelin Pilot-180/55-17 180/55-17 motorcycle tire rear.
1091,Dunlop,c5,Dunlop Knobby-3.00-21 front motorcycle tire,Dunlop Knobby-3.00-21  motorcycle tire front.
1092,Dunlop,c5,Dunlop Knobby-4.60-18 rear motorcycle tire,Dunlop Knobby-4.60-18  motorcycle tire rear.
1093,Shinko,c5,Shinko Street-130/70-17 130/70-17 motorcycle tire,Shinko Street-130/70-17 130/70-17 motorcycle tire .
1094,Shinko,c5,Shinko Street-100/80-17 100/80-17 motorcycle tire,Shinko Street-100/80-17 100/80-17 motorcycle tire .
1095,Bridgestone,c5,Bridgestone T32-120/70-17 120/70-17 motorcycle tire,Bridgestone T32-120/70-17 120/70-17 motorcycle tire .
1096,EBC,c6,EBC FA174HH rear motorcycle brake pads,EBC FA174HH brake pads for Rear.
1097,EBC,c6,EBC FA379HH front motorcycle brake pads,EBC FA379HH brake pads for Front.
1098,EBC,c6,EBC FA447HH front motorcycle brake pads,EBC FA447HH brake pads for Front.
1102,EBC,c6,EBC FA142HH rear motorcycle brake pads,EBC FA142HH brake pads for Rear.
1103,EBC,c6,EBC FA630HH front motorcycle brake pads,EBC FA630HH brake pads for Front.
1104,Suzuki,c6,Suzuki 59100-GSXR front motorcycle brake pads,Suzuki 59100-GSXR brake pads for Front.
1107,Honda,c6,Honda 06455-CBR front motorcycle brake pads,Honda 06455-CBR brake pads for Front.
1108,EBC Brakes,c6,EBC Brakes Drum-CG125 drum motorcycle brake shoes,EBC Brakes Drum-CG125 brake shoes for Drum.
1112,RK Chain,c7,RK Chain RK-530-Gold 530 motorcycle drive chain,RK Chain RK-530-Gold motorcycle drive chain 530.
1113,DID Chain,c7,DID Chain DID-520-VX3 520 motorcycle drive chain,DID Chain DID-520-VX3 motorcycle drive chain 520.
1116,DID,c7,DID Chain-428-Std 428 motorcycle drive chain,DID Chain-428-Std motorcycle drive chain 428.
1117,JT Sprockets,c7,JT Sprockets JTF-15T-520 15T motorcycle front sprocket,JT Sprockets JTF-15T-520 motorcycle front sprocket 15T.
1118,JT Sprockets,c7,JT Sprockets JTF-16T-520 16T motorcycle front sprocket,JT Sprockets JTF-16T-520 motorcycle front sprocket 16T.
1119,JT Sprockets,c7,JT Sprockets JTF-17T-530 17T motorcycle front sprocket,JT Sprockets JTF-17T-530 motorcycle front sprocket 17T.
1120,JT Sprockets,c7,JT Sprockets JTR-42T-520 42T motorcycle rear sprocket,JT Sprockets JTR-42T-520 motorcycle rear sprocket 42T.
1121,JT Sprockets,c7,JT Sprockets JTR-45T-520 45T motorcycle rear sprocket,JT Sprockets JTR-45T-520 motorcycle rear sprocket 45T.
1122,JT Sprockets,c7,JT Sprockets JTR-43T-530 43T motorcycle rear sprocket,JT Sprockets JTR-43T-530 motorcycle rear sprocket 43T.
1123,JT Sprockets,c7,JT Sprockets Sprocket-Set-CG Kit motorcycle sprocket kit,JT Sprockets Sprocket-Set-CG motorcycle sprocket kit Kit.
1124,JT Sprockets,c7,JT Sprockets Cush-Drive-Rubber Rubber motorcycle cush drive rubber,JT Sprockets Cush-Drive-Rubber motorcycle cush drive rubber Rubber.
1131,Motul,c8,Motul RBF-600 motorcycle brake fluid,Motul RBF-600 motorcycle brake fluid.
1134,Liqui Moly,c8,Liqui Moly Speed-Add motorcycle oil / additive,Liqui Moly Speed-Add motorcycle oil / additive.
1137,Motul,c9,Motul C4-Chain-Lube chain lube spray,Motul C4-Chain-Lube chain lube spray.
1141,Motul,c9,Motul E2-Moto-Wash motorcycle wash cleaner,Motul E2-Moto-Wash motorcycle wash cleaner.
1144,Motul,c1,Motul Fork-Oil-15W motorcycle engine oil,Motul Fork-Oil-15W   4-stroke motorcycle engine oil.
1147,Suzuki,c10,Suzuki Gasket-Clutch-Cover motorcycle clutch cover gasket,Suzuki Gasket-Clutch-Cover motorcycle clutch cover gasket.
1148,Suzuki,c10,Suzuki Gasket-Magneto motorcycle stator cover gasket,Suzuki Gasket-Magneto motorcycle stator cover gasket.
1149,ProX,c10,ProX Gasket-Set-Full motorcycle full engine gasket set,ProX Gasket-Set-Full motorcycle full engine gasket set.
1150,Honda,c10,Honda Piston-Std-125 motorcycle piston,Honda Piston-Std-125 motorcycle piston.
1151,Honda,c10,Honda Ring-Set-Std motorcycle piston ring set,Honda Ring-Set-Std motorcycle piston ring set.
1152,ProX,c10,ProX Valve-Set-In/Ex motorcycle valve set,ProX Valve-Set-In/Ex motorcycle valve set.
1153,ProX,c10,ProX Cam-Chain-125 motorcycle cam chain,ProX Cam-Chain-125 motorcycle cam chain.
1161,Ricks Motorsport Electrics,c11,Ricks Motorsport Electrics Horn-Disc-12V motorcycle 12V horn,Ricks Motorsport Electrics Horn-Disc-12V motorcycle 12V horn.
1166,Ricks Motorsport Electrics,c11,Ricks Motorsport Electrics Bulb-H4 motorcycle H4 headlight bulb,Ricks Motorsport Electrics Bulb-H4 motorcycle H4 headlight bulb.
1167,Ricks Motorsport Electrics,c11,Ricks Motorsport Electrics Bulb-Signal-10W motorcycle turn signal bulb,Ricks Motorsport Electrics Bulb-Signal-10W motorcycle turn signal bulb.
1168,Brock's Performance,c12,Brock's Performance Alien-Head-SlipOn motorcycle slip-on exhaust muffler,Brock's Performance Alien-Head-SlipOn motorcycle slip-on exhaust muffler.
1169,Brock's Performance,c12,Brock's Performance Short-Megaphone motorcycle slip-on exhaust muffler,Brock's Performance Short-Megaphone motorcycle slip-on exhaust muffler.
1170,Akrapovic,c12,Akrapovic Replica-Carbon motorcycle slip-on exhaust muffler,Akrapovic Replica-Carbon motorcycle slip-on exhaust muffler.
1171,SC Project,c12,SC Project Replica-CRT motorcycle slip-on exhaust muffler,SC Project Replica-CRT motorcycle slip-on exhaust muffler.
1173,Generic,c12,Generic Link-Pipe-R6 motorcycle exhaust link pipe,Generic Link-Pipe-R6 motorcycle exhaust link pipe.
1174,Generic,c12,Generic Link-Pipe-S1000 motorcycle exhaust link pipe,Generic Link-Pipe-S1000 motorcycle exhaust link pipe.
1175,Generic,c12,Generic Link-Pipe-GSXR motorcycle exhaust link pipe,Generic Link-Pipe-GSXR motorcycle exhaust link pipe.
1176,Generic,c12,Generic Exhaust-Spring motorcycle exhaust spring,Generic Exhaust-Spring motorcycle exhaust spring.
1178,Oxford,c13,Oxford Phone-Holder-USB motorcycle phone holder,Oxford Phone-Holder-USB motorcycle phone holder.
1179,Oxford,c13,Oxford Phone-Holder-X motorcycle phone holder,Oxford Phone-Holder-X motorcycle phone holder.
1180,Rizoma,c13,Rizoma Grip-Rubber-Black handlebar grips,Rizoma Grip-Rubber-Black handlebar grips.
1181,Rizoma,c13,Rizoma Grip-Aluminum-Red handlebar grips,Rizoma Grip-Aluminum-Red handlebar grips.
1182,Rizoma,c13,Rizoma Grip-Aluminum-Gold handlebar grips,Rizoma Grip-Aluminum-Gold handlebar grips.
1183,Rizoma,c13,Rizoma Grip-Aluminum-Blue handlebar grips,Rizoma Grip-Aluminum-Blue handlebar grips.
1185,Rizoma,c13,Rizoma Levers-Foldable brake clutch levers,Rizoma Levers-Foldable brake clutch levers.
1186,Rizoma,c13,Rizoma Bar-End-Mirror-Rnd bar end mirrors,Rizoma Bar-End-Mirror-Rnd bar end mirrors.
1187,Rizoma,c13,Rizoma Wing-Mirrors motorcycle accessory,Rizoma Wing-Mirrors motorcycle accessory.
1188,Rizoma,c13,Rizoma Mirror-Block-Off motorcycle accessory,Rizoma Mirror-Block-Off motorcycle accessory.
1189,Rizoma,c13,Rizoma Tank-Pad-Carbon tank pad protector,Rizoma Tank-Pad-Carbon tank pad protector.
1190,Rizoma,c13,Rizoma Knee-Grip-Pads handlebar grips,Rizoma Knee-Grip-Pads handlebar grips.
1191,Rizoma,c13,Rizoma Rim-Tape-Red motorcycle accessory,Rizoma Rim-Tape-Red motorcycle accessory.
1192,Rizoma,c13,Rizoma Rim-Tape-Blue motorcycle accessory,Rizoma Rim-Tape-Blue motorcycle accessory.
1193,Rizoma,c13,Rizoma Paddock-Spools-6mm paddock stand spools,Rizoma Paddock-Spools-6mm paddock stand spools.
1194,Rizoma,c13,Rizoma Paddock-Spools-8mm paddock stand spools,Rizoma Paddock-Spools-8mm paddock stand spools.
1195,Rizoma,c13,Rizoma Paddock-Spools-10mm paddock stand spools,Rizoma Paddock-Spools-10mm paddock stand spools.
1196,Rizoma,c13,Rizoma Oil-Cap-CNC motorcycle accessory,Rizoma Oil-Cap-CNC motorcycle accessory.
1197,Rizoma,c13,Rizoma Valve-Caps-CNC motorcycle accessory,Rizoma Valve-Caps-CNC motorcycle accessory.
1198,Rizoma,c13,Rizoma Headlight-7inch motorcycle accessory,Rizoma Headlight-7inch motorcycle accessory.
1199,Rizoma,c13,Rizoma Indicator-Flowing motorcycle accessory,Rizoma Indicator-Flowing motorcycle accessory.
1200,Rizoma,c13,Rizoma License-Plate-Holder motorcycle accessory,Rizoma License-Plate-Holder motorcycle accessory.
1201,Rizoma,c13,Rizoma Crash-Bungs-Univ motorcycle accessory,Rizoma Crash-Bungs-Univ motorcycle accessory.
1202,Rizoma,c13,Rizoma Chain-Adjuster-CNC motorcycle accessory,Rizoma Chain-Adjuster-CNC motorcycle accessory.
1206,All Balls Racing,c14,All Balls Racing Speedo-Cable motorcycle control part,All Balls Racing Speedo-Cable motorcycle control part.
1210,All Balls Racing,c14,All Balls Racing Switch-RH-Generic motorcycle control part,All Balls Racing Switch-RH-Generic motorcycle control part.
1211,All Balls Racing,c14,All Balls Racing Foot-Peg-Front motorcycle front rider footpegs,All Balls Racing Foot-Peg-Front motorcycle front rider footpegs.
1212,All Balls Racing,c14,All Balls Racing Foot-Peg-Rear motorcycle rear passenger footpegs,All Balls Racing Foot-Peg-Rear motorcycle rear passenger footpegs.
1214,All Balls Racing,c14,All Balls Racing Kick-Starter motorcycle kick starter lever,All Balls Racing Kick-Starter motorcycle kick starter lever.
1216,All Balls Racing,c14,All Balls Racing Main-Stand motorcycle center stand,All Balls Racing Main-Stand motorcycle center stand.
1220,All Balls Racing,c14,All Balls Racing Wheel-Bearing-6202 motorcycle wheel bearing,All Balls Racing Wheel-Bearing-6202 motorcycle wheel bearing.
1223,Alpinestars,c15,Alpinestars Gloves-SP8 motorcycle riding gloves,Alpinestars Gloves-SP8 motorcycle riding gloves.
1224,Alpinestars,c15,Alpinestars Gloves-SMX motorcycle riding gloves,Alpinestars Gloves-SMX motorcycle riding gloves.
1225,Scoyco,c15,Scoyco Gloves-MC29 motorcycle riding gloves,Scoyco Gloves-MC29 motorcycle riding gloves.
1226,Alpinestars,c15,Alpinestars Gloves-Mesh-Blk motorcycle riding gloves,Alpinestars Gloves-Mesh-Blk motorcycle riding gloves.
1228,AGV,c15,AGV Helmet-K3-SV motorcycle helmet,AGV Helmet-K3-SV motorcycle helmet.
1229,AGV,c15,AGV Helmet-K1-Black motorcycle helmet,AGV Helmet-K1-Black motorcycle helmet.
1230,AGV,c15,AGV Helmet-LS2-Copy motorcycle helmet,AGV Helmet-LS2-Copy motorcycle helmet.
1231,AGV,c15,AGV Visor-Tinted motorcycle helmet,AGV Visor-Tinted motorcycle helmet.
1232,Alpinestars,c15,Alpinestars Mask-Balaclava riding gear,Alpinestars Mask-Balaclava riding gear.
1233,Alpinestars,c15,Alpinestars Knee-Pads-Set knee protectors,Alpinestars Knee-Pads-Set knee protectors.
1234,Alpinestars,c15,Alpinestars Jacket-Mesh armored motorcycle jacket,Alpinestars Jacket-Mesh armored motorcycle jacket.
1235,Oxford,c15,Oxford Rain-Suit rain suit,Oxford Rain-Suit rain suit.
1236,Alpinestars,c15,Alpinestars Key-Cover-Suzuki riding gear,Alpinestars Key-Cover-Suzuki riding gear.
1237,Alpinestars,c15,Alpinestars Key-Chain-Fabric riding gear,Alpinestars Key-Chain-Fabric riding gear.
1239,Motion Pro,c16,Motion Pro T-Handle-Set motorcycle T-handle tool set,Motion Pro T-Handle-Set T-handle tool set.
1240,Motion Pro,c16,Motion Pro Paddock-Stand-Rear motorcycle rear paddock stand,Motion Pro Paddock-Stand-Rear rear paddock stand.
1242,Motion Pro,c16,Motion Pro Brush-Set-Cleaning motorcycle cleaning brush set,Motion Pro Brush-Set-Cleaning cleaning brush set.
1243,Alpinestars,c15,Alpinestars Shoe-Protector riding gear,Alpinestars Shoe-Protector riding gear.
1244,Oxford,c13,Oxford Net-Bungee cargo net,Oxford Net-Bungee cargo net.
1245,Rizoma,c13,Rizoma Bolt-Set-Fairing motorcycle accessory,Rizoma Bolt-Set-Fairing motorcycle accessory.
1246,ProX,c10,ProX Oil-Cooler-Kit motorcycle oil cooler kit,ProX Oil-Cooler-Kit motorcycle oil cooler kit.
1247,ProX,c10,ProX Air-Filter-Pod motorcycle pod air filter,ProX Air-Filter-Pod motorcycle pod air filter.
1248,ProX,c10,ProX Fuel-Hose-1M motorcycle fuel hose,ProX Fuel-Hose-1M motorcycle fuel hose.
1249,Ricks Motorsport Electrics,c11,Ricks Motorsport Electrics USB-Charger-Socket motorcycle USB charger socket,Ricks Motorsport Electrics USB-Charger-Socket motorcycle USB charger socket.
1250,Ricks Motorsport Electrics,c11,Ricks Motorsport Electrics Fog-Lights-LED motorcycle LED fog lights,Ricks Motorsport Electrics Fog-Lights-LED motorcycle LED fog lights.
1251,Honda,c14,Honda O-Ring-Chain-Case motorcycle control part,Honda O-Ring-Chain-Case motorcycle control part.
1252,Suzuki,c14,Suzuki Drain-Bolt-Magnet motorcycle magnetic drain bolt,Suzuki Drain-Bolt-Magnet motorcycle magnetic drain bolt.
1254,Honda,c14,Honda Drain-Washer-Alum motorcycle drain washer,Honda Drain-Washer-Alum motorcycle drain washer.
1255,Motul,c1,Motul Gear-Oil-80W90 motorcycle engine oil,Motul Gear-Oil-80W90 80W90  4-stroke motorcycle engine oil.
1259,Motul,c9,Motul Contact-Cleaner electrical contact cleaner,Motul Contact-Cleaner electrical contact cleaner.
1260,Motul,c9,Motul Brake-Cleaner brake cleaner spray,Motul Brake-Cleaner brake cleaner spray.
1263,Shinko,c5,Shinko Tube-3.00-18 inner tube,Shinko Tube-3.00-18  inner tube .
1264,Shinko,c5,Shinko Tube-90/90-18 90/90-18 inner tube,Shinko Tube-90/90-18 90/90-18 inner tube .
1265,Shinko,c5,Shinko Valve-Stem-Tubeless inner tube,Shinko Valve-Stem-Tubeless  inner tube .
1266,Shinko,c5,Shinko Valve-Stem-L-Shape motorcycle tire,Shinko Valve-Stem-L-Shape  motorcycle tire .
1267,Bridgestone,c5,Bridgestone RS11-120/70 front motorcycle tire,Bridgestone RS11-120/70  motorcycle tire front.
1268,Bridgestone,c5,Bridgestone RS11-190/55 rear motorcycle tire,Bridgestone RS11-190/55  motorcycle tire rear.
1269,Pirelli,c5,Pirelli Diablo-Rosso-III-120 front motorcycle tire,Pirelli Diablo-Rosso-III-120  motorcycle tire front.
1270,Pirelli,c5,Pirelli Diablo-Rosso-III-180 rear motorcycle tire,Pirelli Diablo-Rosso-III-180  motorcycle tire rear.
1271,Dunlop,c5,Dunlop Sportmax-120/70 front motorcycle tire,Dunlop Sportmax-120/70  motorcycle tire front.
1272,Dunlop,c5,Dunlop Sportmax-180/55 rear motorcycle tire,Dunlop Sportmax-180/55  motorcycle tire rear.
1273,Shinko,c5,Shinko Scooter-120/70-12 120/70-12 motorcycle tire,Shinko Scooter-120/70-12 120/70-12 motorcycle tire .
1274,Shinko,c5,Shinko Scooter-130/70-12 130/70-12 motorcycle tire,Shinko Scooter-130/70-12 130/70-12 motorcycle tire .
1275,NGK,c3,NGK Wire-Set-Racing spark plug,NGK Wire-Set-Racing motorcycle spark plug.
1276,All Balls Racing,c14,All Balls Racing Battery-Strap motorcycle battery strap,All Balls Racing Battery-Strap motorcycle battery strap.
1277,All Balls Racing,c14,All Balls Racing Number-Plate-Light motorcycle control part,All Balls Racing Number-Plate-Light motorcycle control part.
1278,Rizoma,c13,Rizoma Seat-Cover-Mesh motorcycle accessory,Rizoma Seat-Cover-Mesh motorcycle accessory.
1279,Rizoma,c13,Rizoma Seat-Cushion-Gel motorcycle accessory,Rizoma Seat-Cushion-Gel motorcycle accessory.
1280,Alpinestars,c15,Alpinestars Arm-Sleeves riding gear,Alpinestars Arm-Sleeves riding gear.
1281,Alpinestars,c15,Alpinestars Leg-Bag riding gear,Alpinestars Leg-Bag riding gear.
1282,Alpinestars,c15,Alpinestars Tank-Bag-Magnetic riding gear,Alpinestars Tank-Bag-Magnetic riding gear.
1283,Alpinestars,c15,Alpinestars Backpack-Hardshell riding gear,Alpinestars Backpack-Hardshell riding gear.
1284,All Balls Racing,c14,All Balls Racing Exhaust-Wrap motorcycle control part,All Balls Racing Exhaust-Wrap motorcycle control part.
1285,All Balls Racing,c14,All Balls Racing Radiator-Guard-Mesh motorcycle control part,All Balls Racing Radiator-Guard-Mesh motorcycle control part.
1286,All Balls Racing,c14,All Balls Racing Clips-Fairing-Set motorcycle fairing clips,All Balls Racing Clips-Fairing-Set motorcycle fairing clips.
1287,All Balls Racing,c14,All Balls Racing Zip-Ties-Pack motorcycle control part,All Balls Racing Zip-Ties-Pack motorcycle control part.
1288,All Balls Racing,c14,All Balls Racing Tape-Electrical motorcycle control part,All Balls Racing Tape-Electrical motorcycle control part.
1289,All Balls Racing,c14,All Balls Racing Fuse-Holder-Inline motorcycle control part,All Balls Racing Fuse-Holder-Inline motorcycle control part.
1290,All Balls Racing,c14,All Balls Racing Relay-4Pin-12V motorcycle control part,All Balls Racing Relay-4Pin-12V motorcycle control part.
1291,All Balls Racing,c14,All Balls Racing Switch-Kill motorcycle control part,All Balls Racing Switch-Kill motorcycle control part.
1292,All Balls Racing,c14,All Balls Racing Switch-Push-Button motorcycle control part,All Balls Racing Switch-Push-Button motorcycle control part.
1293,All Balls Racing,c14,All Balls Racing Speedometer-Digital motorcycle control part,All Balls Racing Speedometer-Digital motorcycle control part.
1294,All Balls Racing,c14,All Balls Racing RPM-Gauge motorcycle control part,All Balls Racing RPM-Gauge motorcycle control part.
1295,All Balls Racing,c14,All Balls Racing Temp-Gauge-Water motorcycle control part,All Balls Racing Temp-Gauge-Water motorcycle control part.
1296,Rizoma,c13,Rizoma Clock-Handlebar motorcycle accessory,Rizoma Clock-Handlebar motorcycle accessory.
1297,Rizoma,c13,Rizoma USB-Voltmeter motorcycle accessory,Rizoma USB-Voltmeter motorcycle accessory.
1298,Rizoma,c13,Rizoma Cup-Holder motorcycle accessory,Rizoma Cup-Holder motorcycle accessory.
1299,Rizoma,c13,Rizoma Flag-Pole motorcycle accessory,Rizoma Flag-Pole motorcycle accessory.
1300,Rizoma,c13,Rizoma Helmet-Lock motorcycle accessory,Rizoma Helmet-Lock motorcycle accessory.
BIKE001,,motorcycles,Honda CBR 600RR motorcycle,Official studio image of Honda CBR 600RR motorcycle.
BIKE002,,motorcycles,Yamaha YZF-R6 motorcycle,Official studio image of Yamaha YZF-R6 motorcycle.
BIKE003,,motorcycles,Kawasaki Ninja 400 motorcycle,Official studio image of Kawasaki Ninja 400 motorcycle.
BIKE004,,motorcycles,Suzuki V-Strom 650 motorcycle,Official studio image of Suzuki V-Strom 650 motorcycle.
BIKE005,,motorcycles,Honda CB 500X motorcycle,Official studio image of Honda CB 500X motorcycle.
BIKE006,,motorcycles,Motorcycle G 310 R motorcycle,Official studio image of Motorcycle G 310 R motorcycle.
BIKE007,,motorcycles,Yamaha MT-07 motorcycle,Official studio image of Yamaha MT-07 motorcycle.
BIKE008,,motorcycles,Kawasaki Z900 motorcycle,Official studio image of Kawasaki Z900 motorcycle.
BIKE009,,motorcycles,Harley-Davidson Street 750 motorcycle,Official studio image of Harley-Davidson Street 750 motorcycle.
BIKE010,,motorcycles,Suzuki GSX-R 750 motorcycle,Official studio image of Suzuki GSX-R 750 motorcycle.
BIKE011,,motorcycles,Yamaha YZF-R1 motorcycle,Official studio image of Yamaha YZF-R1 motorcycle.
BIKE012,,motorcycles,Honda CBR 1000RR motorcycle,Official studio image of Honda CBR 1000RR motorcycle.
BIKE013,,motorcycles,Kawasaki Ninja ZX-10R motorcycle,Official studio image of Kawasaki Ninja ZX-10R motorcycle.
BIKE014,,motorcycles,Suzuki Hayabusa motorcycle,Official studio image of Suzuki Hayabusa motorcycle.
BIKE015,,motorcycles,Motorcycle R 1250 GS motorcycle,Official studio image of Motorcycle R 1250 GS motorcycle.
BIKE016,,motorcycles,Harley-Davidson Fat Boy motorcycle,Official studio image of Harley-Davidson Fat Boy motorcycle.
BIKE017,,motorcycles,Yamaha Tenere 700 motorcycle,Official studio image of Yamaha Tenere 700 motorcycle.
BIKE018,,motorcycles,Harley-Davidson Road Glide motorcycle,Official studio image of Harley-Davidson Road Glide motorcycle.
